SeasonAbbreviation,AssignedASD,GridMidpointHalfDegreeLat,GridMidpointDegreeLon,C1KRIcatchKG
1980,481,-62.25,-62.5,40785
1980,481,-62.25,-61.5,11274
1980,481,-61.75,-61.5,16716
1981,481,-64.75,-69.5,20
1981,481,-64.25,-67.5,2927
1981,481,-63.75,-68.5,16234
1981,481,-63.75,-66.5,9876
1981,481,-63.75,-64.5,2445
1981,481,-63.25,-65.5,240
1981,481,-63.25,-64.5,23412
1981,481,-63.25,-63.5,13895
1981,481,-63.25,-62.5,4840
1981,481,-63.25,-61.5,1428
1981,481,-62.75,-65.5,57279
1981,481,-62.75,-64.5,163625
1981,481,-62.75,-63.5,229406
1981,481,-62.75,-62.5,177465
1981,481,-62.75,-59.5,1380
1981,481,-62.75,-56.5,9000
1981,481,-62.75,-55.5,15000
1981,481,-62.25,-62.5,133317
1981,481,-62.25,-61.5,138583
1981,481,-62.25,-60.5,1148
1981,481,-62.25,-57.5,2000
1981,481,-62.25,-56.5,19676
1981,481,-62.25,-55.5,1
1981,481,-61.75,-62.5,2926
1981,481,-61.75,-61.5,432150
1981,481,-61.75,-60.5,606281
1981,481,-61.75,-59.5,547896
1981,481,-61.75,-58.5,347046
1981,481,-61.75,-57.5,373715
1981,481,-61.75,-56.5,35080
1981,481,-61.75,-54.5,77830
1981,481,-61.25,-60.5,519
1981,481,-61.25,-59.5,23718
1981,481,-61.25,-58.5,139918
1981,481,-61.25,-57.5,435296
1981,481,-61.25,-56.5,7092
1981,481,-61.25,-55.5,43454
1981,481,-61.25,-54.5,492289
1981,481,-61.25,-53.5,14592
1981,481,-60.75,-56.5,50655
1981,481,-60.75,-55.5,125920
1981,481,-60.75,-54.5,42617
1981,481,-60.25,-54.5,5500
1982,481,-63.75,-61.5,40
1982,481,-63.25,-68.5,21432
1982,481,-63.25,-63.5,2628
1982,481,-62.75,-67.5,920
1982,481,-62.75,-63.5,57567
1982,481,-62.75,-62.5,130762
1982,481,-62.25,-67.5,1070
1982,481,-62.25,-62.5,437755
1982,481,-62.25,-61.5,637830
1982,481,-62.25,-60.5,1056
1982,481,-62.25,-59.5,200
1982,481,-61.75,-67.5,810
1982,481,-61.75,-62.5,1010
1982,481,-61.75,-61.5,205274
1982,481,-61.75,-60.5,355386
1982,481,-61.75,-59.5,115309
1982,481,-61.75,-58.5,436440
1982,481,-61.75,-57.5,29208
1982,481,-61.25,-61.5,342798
1982,481,-61.25,-60.5,38420
1982,481,-61.25,-59.5,9276
1982,481,-61.25,-58.5,43524
1982,481,-61.25,-57.5,139222
1982,481,-61.25,-56.5,15188
1982,481,-61.25,-54.5,78312
1982,481,-60.75,-62.5,2628
1982,481,-60.75,-60.5,2340
1982,481,-60.75,-56.5,3005
1982,481,-60.75,-55.5,193709
1982,481,-60.75,-54.5,92196
1982,481,-60.75,-53.5,6000
1982,481,-60.75,-51.5,552
1982,481,-60.25,-59.5,3712
1982,481,-60.25,-58.5,35024
1982,481,-60.25,-57.5,4378
1982,481,-60.25,-56.5,2394
1982,481,-60.25,-54.5,17619
1982,481,-60.25,-53.5,401580
1982,481,-60.25,-52.5,366882
1982,481,-60.25,-51.5,4896
1983,481,-63.25,-67.5,15797
1983,481,-63.25,-66.5,816
1983,481,-62.75,-66.5,8195
1983,481,-62.75,-63.5,9009
1983,481,-62.25,-61.5,2981
1983,481,-61.75,-61.5,1806
1983,481,-61.75,-60.5,3432
1983,481,-61.25,-61.5,6326
1983,481,-61.25,-60.5,80132
1983,481,-61.25,-59.5,60467
1983,481,-61.25,-58.5,168946
1983,481,-61.25,-57.5,6281
1983,481,-60.75,-59.5,943481
1983,481,-60.75,-58.5,589282
1983,481,-60.75,-57.5,253
1983,481,-60.25,-55.5,14307
1983,481,-60.25,-54.5,1979
1983,481,-60.25,-52.5,635
1984,481,-63.75,-65.5,100473
1984,481,-63.75,-64.5,32212
1984,481,-63.25,-65.5,12676
1984,481,-63.25,-64.5,149639
1984,481,-63.25,-63.5,193309
1984,481,-63.25,-62.5,11195
1984,481,-62.75,-64.5,60081
1984,481,-62.75,-63.5,219027
1984,481,-62.75,-62.5,428225
1984,481,-62.75,-61.5,1919051
1984,481,-62.75,-58.5,60
1984,481,-62.25,-62.5,219734
1984,481,-62.25,-61.5,1144718
1984,481,-62.25,-60.5,1213248
1984,481,-62.25,-59.5,85607
1984,481,-62.25,-56.5,345
1984,481,-62.25,-55.5,4403
1984,481,-62.25,-54.5,50
1984,481,-61.75,-61.5,129071
1984,481,-61.75,-60.5,487268
1984,481,-61.75,-59.5,1725526
1984,481,-61.75,-58.5,6471420
1984,481,-61.75,-57.5,520958
1984,481,-61.75,-56.5,370207
1984,481,-61.75,-55.5,8968
1984,481,-61.25,-60.5,986059
1984,481,-61.25,-59.5,1748750
1984,481,-61.25,-58.5,2606793
1984,481,-61.25,-57.5,674434
1984,481,-61.25,-56.5,284804
1984,481,-61.25,-55.5,327586
1984,481,-61.25,-54.5,17736
1984,481,-61.25,-53.5,7
1984,481,-60.75,-61.5,59060
1984,481,-60.75,-60.5,354648
1984,481,-60.75,-59.5,957817
1984,481,-60.75,-58.5,218110
1984,481,-60.75,-57.5,37782
1984,481,-60.75,-56.5,1502733
1984,481,-60.75,-55.5,989725
1984,481,-60.75,-54.5,778537
1984,481,-60.75,-53.5,425746
1984,481,-60.75,-52.5,28390
1984,481,-60.25,-59.5,5440
1984,481,-60.25,-56.5,34988
1984,481,-60.25,-55.5,56205
1984,481,-60.25,-54.5,685049
1984,481,-60.25,-53.5,41202
1984,481,-60.25,-52.5,278383
1984,481,-60.25,-51.5,340288
1984,481,-60.25,-50.5,32135
1985,481,-65.75,-69.5,13060
1985,481,-65.25,-69.5,138000
1985,481,-65.25,-68.5,922734
1985,481,-65.25,-67.5,4000
1985,481,-65.25,-66.5,44000
1985,481,-64.75,-66.5,10000
1985,481,-64.75,-65.5,8000
1985,481,-64.25,-66.5,3000
1985,481,-64.25,-64.5,1100
1985,481,-63.75,-68.5,1176
1985,481,-63.75,-67.5,240
1985,481,-63.75,-65.5,3405
1985,481,-63.75,-64.5,75274
1985,481,-63.25,-65.5,7200
1985,481,-63.25,-64.5,1200
1985,481,-62.75,-63.5,13700
1985,481,-62.75,-62.5,139758
1985,481,-62.75,-61.5,10165
1985,481,-62.25,-62.5,34312
1985,481,-62.25,-61.5,207569
1985,481,-62.25,-60.5,7761
1985,481,-62.25,-56.5,5000
1985,481,-62.25,-55.5,3000
1985,481,-61.75,-60.5,64450
1985,481,-61.75,-59.5,245478
1985,481,-61.75,-58.5,901800
1985,481,-61.75,-57.5,1375979
1985,481,-61.75,-56.5,316708
1985,481,-61.75,-53.5,4000
1985,481,-61.25,-59.5,2064
1985,481,-61.25,-58.5,857933
1985,481,-61.25,-57.5,104052
1985,481,-61.25,-56.5,2458316
1985,481,-61.25,-55.5,136324
1985,481,-61.25,-54.5,61500
1985,481,-61.25,-53.5,5412
1985,481,-60.75,-57.5,35442
1985,481,-60.75,-56.5,1758770
1985,481,-60.75,-55.5,464469
1985,481,-60.75,-54.5,19460
1985,481,-60.75,-53.5,13918
1985,481,-60.75,-52.5,42448
1985,481,-60.75,-50.5,16250
1985,481,-60.25,-56.5,3984
1985,481,-60.25,-53.5,42599
1985,481,-60.25,-52.5,8306
1985,481,-60.25,-51.5,2860
1985,481,-60.25,-50.5,8772
1986,481,-66.25,-69.5,16000
1986,481,-65.75,-69.5,66000
1986,481,-65.75,-68.5,43848
1986,481,-65.25,-69.5,39000
1986,481,-65.25,-68.5,241416
1986,481,-65.25,-67.5,33820
1986,481,-65.25,-66.5,48000
1986,481,-64.75,-68.5,180000
1986,481,-64.75,-67.5,80190
1986,481,-64.75,-66.5,133000
1986,481,-64.75,-65.5,301290
1986,481,-64.25,-66.5,78810
1986,481,-64.25,-65.5,965464
1986,481,-64.25,-64.5,43000
1986,481,-63.75,-65.5,434662
1986,481,-63.75,-64.5,150740
1986,481,-63.25,-63.5,70000
1986,481,-62.75,-63.5,3000
1986,481,-62.75,-62.5,1876768
1986,481,-62.75,-61.5,189433
1986,481,-62.25,-62.5,104196
1986,481,-62.25,-61.5,512215
1986,481,-62.25,-60.5,1220136
1986,481,-62.25,-59.5,1898
1986,481,-62.25,-57.5,28000
1986,481,-61.75,-61.5,88948
1986,481,-61.75,-60.5,1380880
1986,481,-61.75,-59.5,717367
1986,481,-61.75,-58.5,2847409
1986,481,-61.75,-57.5,2502213
1986,481,-61.75,-56.5,56268
1986,481,-61.75,-55.5,32881
1986,481,-61.25,-61.5,7000
1986,481,-61.25,-59.5,252855
1986,481,-61.25,-58.5,1005947
1986,481,-61.25,-57.5,1857202
1986,481,-61.25,-56.5,4093118
1986,481,-61.25,-55.5,579776
1986,481,-61.25,-54.5,425852
1986,481,-60.75,-57.5,4134
1986,481,-60.75,-56.5,4705998
1986,481,-60.75,-55.5,8281565
1986,481,-60.75,-54.5,426600
1986,481,-60.25,-60.5,49900
1986,481,-60.25,-58.5,4000
1986,481,-60.25,-57.5,27000
1986,481,-60.25,-56.5,54500
1986,481,-60.25,-55.5,184950
1986,481,-60.25,-54.5,53600
1986,481,-60.25,-53.5,32000
1986,481,-60.25,-52.5,2600
1986,481,-60.25,-51.5,6418
1987,481,-63.75,-60.5,695
1987,481,-63.25,-60.5,305
1987,481,-62.75,-61.5,84590
1987,481,-62.25,-62.5,190
1987,481,-62.25,-61.5,69545
1987,481,-62.25,-60.5,1637580
1987,481,-62.25,-59.5,463750
1987,481,-61.75,-62.5,385
1987,481,-61.75,-61.5,609
1987,481,-61.75,-60.5,126768
1987,481,-61.75,-59.5,2323733
1987,481,-61.75,-58.5,3480117
1987,481,-61.75,-57.5,587430
1987,481,-61.75,-56.5,135434
1987,481,-61.75,-55.5,41600
1987,481,-61.25,-60.5,31560
1987,481,-61.25,-59.5,18500
1987,481,-61.25,-58.5,2080156
1987,481,-61.25,-57.5,4319949
1987,481,-61.25,-56.5,4890295
1987,481,-61.25,-55.5,3050228
1987,481,-61.25,-54.5,1653218
1987,481,-60.75,-60.5,1000
1987,481,-60.75,-59.5,2100
1987,481,-60.75,-58.5,80726
1987,481,-60.75,-57.5,19900
1987,481,-60.75,-56.5,2200275
1987,481,-60.75,-55.5,40308694
1987,481,-60.75,-54.5,1640398
1987,481,-60.75,-53.5,25238
1987,481,-60.75,-52.5,3228
1987,481,-60.75,-51.5,7000
1987,481,-60.25,-59.5,14910
1987,481,-60.25,-58.5,112780
1987,481,-60.25,-57.5,176647
1987,481,-60.25,-56.5,3560
1987,481,-60.25,-55.5,221040
1987,481,-60.25,-54.5,588270
1987,481,-60.25,-53.5,48930
1987,481,-60.25,-52.5,5880
1987,481,-60.25,-51.5,33222
1987,481,-60.25,-50.5,54418
1988,481,-64.75,-66.5,500
1988,481,-64.25,-65.5,500
1988,481,-63.75,-58.5,10
1988,481,-63.25,-63.5,27000
1988,481,-62.75,-62.5,796000
1988,481,-62.75,-61.5,1152389
1988,481,-62.75,-60.5,30220
1988,481,-62.25,-62.5,45000
1988,481,-62.25,-61.5,7553404
1988,481,-62.25,-60.5,27365676
1988,481,-62.25,-59.5,202710
1988,481,-61.75,-63.5,420
1988,481,-61.75,-62.5,6110
1988,481,-61.75,-61.5,19842
1988,481,-61.75,-60.5,5243698
1988,481,-61.75,-59.5,3427293
1988,481,-61.75,-58.5,412788
1988,481,-61.75,-57.5,165170
1988,481,-61.25,-62.5,59500
1988,481,-61.25,-58.5,86518
1988,481,-61.25,-57.5,1422241
1988,481,-61.25,-56.5,8096371
1988,481,-61.25,-55.5,2285570
1988,481,-61.25,-54.5,498730
1988,481,-60.75,-56.5,2266891
1988,481,-60.75,-55.5,9658691
1988,481,-60.75,-54.5,395160
1988,481,-60.75,-53.5,20000
1988,481,-60.75,-51.5,1350100
1988,481,-60.75,-50.5,29500
1988,481,-60.25,-55.5,15400
1988,481,-60.25,-54.5,113268
1988,481,-60.25,-53.5,8000
1988,481,-60.25,-52.5,125300
1988,481,-60.25,-51.5,34680
1988,481,-60.25,-50.5,30500
1989,481,-66.25,-68.5,3250
1989,481,-65.75,-68.5,5950
1989,481,-64.25,-65.5,33200
1989,481,-62.75,-62.5,74681
1989,481,-62.75,-61.5,2811084
1989,481,-62.75,-60.5,33064
1989,481,-62.25,-62.5,4238
1989,481,-62.25,-61.5,11574349
1989,481,-62.25,-60.5,33866183
1989,481,-62.25,-59.5,187320
1989,481,-61.75,-62.5,5440
1989,481,-61.75,-61.5,12929
1989,481,-61.75,-60.5,376900
1989,481,-61.75,-59.5,2617120
1989,481,-61.75,-58.5,2585756
1989,481,-61.75,-57.5,934160
1989,481,-61.75,-51.5,100
1989,481,-61.25,-60.5,30050
1989,481,-61.25,-58.5,222452
1989,481,-61.25,-57.5,1318156
1989,481,-61.25,-56.5,7044395
1989,481,-61.25,-55.5,658950
1989,481,-61.25,-54.5,15500
1989,481,-61.25,-51.5,40
1989,481,-60.75,-57.5,36190
1989,481,-60.75,-56.5,5359311
1989,481,-60.75,-55.5,16374552
1989,481,-60.75,-54.5,12525325
1989,481,-60.75,-53.5,33600
1989,481,-60.75,-51.5,500
1989,481,-60.25,-56.5,242920
1989,481,-60.25,-55.5,2614226
1989,481,-60.25,-54.5,2960849
1989,481,-60.25,-53.5,298976
1989,481,-60.25,-52.5,267590
1989,481,-60.25,-51.5,76600
1990,481,-63.25,-64.5,6000
1990,481,-63.25,-63.5,8344
1990,481,-62.75,-62.5,19050
1990,481,-62.75,-61.5,14250
1990,481,-62.75,-60.5,2112
1990,481,-62.25,-62.5,41678
1990,481,-62.25,-61.5,65883
1990,481,-62.25,-60.5,6565538
1990,481,-62.25,-59.5,487633
1990,481,-62.25,-58.5,94860
1990,481,-61.75,-61.5,30000
1990,481,-61.75,-60.5,4343576
1990,481,-61.75,-59.5,3885546
1990,481,-61.75,-58.5,2296607
1990,481,-61.75,-57.5,761488
1990,481,-61.75,-56.5,119000
1990,481,-61.75,-54.5,19000
1990,481,-61.25,-61.5,100720
1990,481,-61.25,-60.5,171464
1990,481,-61.25,-59.5,456
1990,481,-61.25,-58.5,34070
1990,481,-61.25,-57.5,348640
1990,481,-61.25,-56.5,4049850
1990,481,-61.25,-55.5,2718060
1990,481,-61.25,-54.5,1045640
1990,481,-60.75,-60.5,57400
1990,481,-60.75,-57.5,30890
1990,481,-60.75,-56.5,5843746
1990,481,-60.75,-55.5,9089025
1990,481,-60.75,-54.5,930300
1990,481,-60.75,-53.5,23610
1990,481,-60.75,-52.5,8500
1990,481,-60.75,-51.5,13000
1990,481,-60.25,-56.5,83330
1990,481,-60.25,-55.5,1206545
1990,481,-60.25,-54.5,289590
1990,481,-60.25,-53.5,5250
1991,481,-63.75,-66.5,6000
1991,481,-62.75,-63.5,1000
1991,481,-62.75,-62.5,78000
1991,481,-62.75,-61.5,9518700
1991,481,-62.75,-60.5,429900
1991,481,-62.75,-56.5,1017000
1991,481,-62.25,-61.5,5140250
1991,481,-62.25,-60.5,10971130
1991,481,-62.25,-59.5,874200
1991,481,-62.25,-58.5,21000
1991,481,-61.75,-61.5,324700
1991,481,-61.75,-60.5,2699912
1991,481,-61.75,-59.5,4257190
1991,481,-61.75,-58.5,885690
1991,481,-61.75,-57.5,38200
1991,481,-61.75,-56.5,7000
1991,481,-61.25,-58.5,51920
1991,481,-61.25,-57.5,77590
1991,481,-61.25,-56.5,119940
1991,481,-61.25,-55.5,4032380
1991,481,-61.25,-54.5,179000
1991,481,-60.75,-59.5,5150
1991,481,-60.75,-58.5,4000
1991,481,-60.75,-57.5,641700
1991,481,-60.75,-56.5,2266750
1991,481,-60.75,-55.5,21933780
1991,481,-60.75,-54.5,1272700
1991,481,-60.75,-51.5,5800
1991,481,-60.25,-57.5,590
1991,481,-60.25,-56.5,2445000
1991,481,-60.25,-55.5,232000
1991,481,-60.25,-53.5,235100
1991,481,-60.25,-52.5,78400
1991,481,-60.25,-50.5,3000
1992,481,-65.25,-69.5,4300
1992,481,-64.75,-66.5,2500
1992,481,-63.25,-64.5,84150
1992,481,-63.25,-63.5,15300
1992,481,-62.75,-65.5,7920
1992,481,-62.75,-62.5,1226030
1992,481,-62.75,-61.5,16349840
1992,481,-62.75,-60.5,316080
1992,481,-62.25,-62.5,182500
1992,481,-62.25,-61.5,22166579
1992,481,-62.25,-60.5,15457711
1992,481,-62.25,-59.5,1453875
1992,481,-62.25,-57.5,31900
1992,481,-62.25,-55.5,78500
1992,481,-61.75,-61.5,52550
1992,481,-61.75,-60.5,1068245
1992,481,-61.75,-59.5,3944980
1992,481,-61.75,-58.5,1217370
1992,481,-61.75,-57.5,72510
1992,481,-61.75,-56.5,60600
1992,481,-61.75,-55.5,67350
1992,481,-61.75,-52.5,8000
1992,481,-61.75,-51.5,257740
1992,481,-61.25,-61.5,6375
1992,481,-61.25,-58.5,13000
1992,481,-61.25,-57.5,2863
1992,481,-61.25,-56.5,189000
1992,481,-61.25,-55.5,259500
1992,481,-61.25,-53.5,28500
1992,481,-61.25,-52.5,52000
1992,481,-61.25,-51.5,204250
1992,481,-60.75,-58.5,390800
1992,481,-60.75,-57.5,549200
1992,481,-60.75,-56.5,547400
1992,481,-60.75,-55.5,5123950
1992,481,-60.75,-53.5,67000
1992,481,-60.75,-51.5,104000
1992,481,-60.25,-58.5,2015200
1992,481,-60.25,-57.5,1470700
1992,481,-60.25,-56.5,380000
1992,481,-60.25,-55.5,775
1992,481,-60.25,-54.5,4676
1992,481,-60.25,-52.5,11500
1992,481,-60.25,-51.5,11000
1992,481,-60.25,-50.5,15500
1993,481,-63.25,-61.5,7680
1993,481,-62.75,-63.5,3000
1993,481,-62.75,-62.5,787700
1993,481,-62.75,-61.5,11144996
1993,481,-62.75,-60.5,30620
1993,481,-62.25,-61.5,3786760
1993,481,-62.25,-60.5,14288670
1993,481,-62.25,-59.5,14200
1993,481,-61.75,-60.5,580000
1993,481,-61.75,-59.5,185090
1993,481,-61.75,-58.5,19820
1993,481,-61.25,-56.5,30000
1993,481,-61.25,-55.5,12000
1993,481,-61.25,-54.5,64290
1993,481,-60.75,-55.5,2232410
1993,481,-60.75,-54.5,30000
1993,481,-60.75,-50.5,19000
1993,481,-60.25,-56.5,20000
1994,481,-63.25,-61.5,1000
1994,481,-63.25,-60.5,5000
1994,481,-62.75,-63.5,4500
1994,481,-62.75,-62.5,4000
1994,481,-62.75,-61.5,9225690
1994,481,-62.75,-60.5,55400
1994,481,-62.25,-62.5,3600
1994,481,-62.25,-61.5,5435980
1994,481,-62.25,-60.5,12194460
1994,481,-62.25,-59.5,45500
1994,481,-61.75,-60.5,102000
1994,481,-61.75,-59.5,299600
1994,481,-61.75,-58.5,54500
1994,481,-61.25,-58.5,6000
1994,481,-61.25,-56.5,958750
1994,481,-61.25,-55.5,7924760
1994,481,-61.25,-54.5,8000
1994,481,-60.75,-58.5,5000
1994,481,-60.75,-56.5,1500
1994,481,-60.75,-55.5,8622000
1994,481,-60.75,-54.5,143500
1995,481,-62.75,-62.5,1268490
1995,481,-62.75,-61.5,838535
1995,481,-62.75,-60.5,36970
1995,481,-62.25,-62.5,1633600
1995,481,-62.25,-61.5,5943085
1995,481,-62.25,-60.5,1137925
1995,481,-62.25,-59.5,551595
1995,481,-61.75,-62.5,520790
1995,481,-61.75,-61.5,5301225
1995,481,-61.75,-60.5,1637370
1995,481,-61.75,-59.5,1478300
1995,481,-61.75,-58.5,11000
1995,481,-61.75,-57.5,3000
1995,481,-61.75,-55.5,34000
1995,481,-61.25,-56.5,63960
1995,481,-61.25,-55.5,715800
1995,481,-61.25,-54.5,362500
1995,481,-60.75,-58.5,186200
1995,481,-60.75,-57.5,111400
1995,481,-60.75,-56.5,175850
1995,481,-60.75,-55.5,12228100
1995,481,-60.75,-54.5,1449600
1995,481,-60.25,-58.5,933700
1995,481,-60.25,-57.5,702600
1995,481,-60.25,-56.5,121900
1995,481,-60.25,-55.5,693000
1995,481,-60.25,-54.5,23400
1996,481,-64.75,-60.5,25000
1996,481,-62.75,-62.5,520300
1996,481,-62.75,-61.5,10536565
1996,481,-62.75,-60.5,12700
1996,481,-62.25,-62.5,2914190
1996,481,-62.25,-61.5,10182710
1996,481,-62.25,-60.5,14311220
1996,481,-62.25,-59.5,1129795
1996,481,-61.75,-62.5,256000
1996,481,-61.75,-61.5,140250
1996,481,-61.75,-60.5,2178200
1996,481,-61.75,-59.5,2248005
1996,481,-61.75,-58.5,29000
1996,481,-61.25,-58.5,32400
1996,481,-61.25,-56.5,69000
1996,481,-61.25,-55.5,546000
1996,481,-61.25,-54.5,243000
1996,481,-60.75,-56.5,40800
1996,481,-60.75,-55.5,9746400
1996,481,-60.75,-54.5,1925800
1996,481,-60.75,-53.5,156400
1996,481,-60.25,-58.5,561000
1996,481,-60.25,-57.5,551600
1996,481,-60.25,-56.5,920000
1996,481,-60.25,-55.5,1294900
1996,481,-60.25,-54.5,1182000
1996,481,-60.25,-53.5,4500
1997,481,-62.75,-62.5,192600
1997,481,-62.75,-61.5,5658400
1997,481,-62.75,-60.5,9400
1997,481,-62.25,-62.5,331500
1997,481,-62.25,-61.5,3510975
1997,481,-62.25,-60.5,12081080
1997,481,-62.25,-59.5,12128225
1997,481,-62.25,-57.5,13000
1997,481,-61.75,-61.5,630800
1997,481,-61.75,-60.5,2828000
1997,481,-61.75,-59.5,1180110
1997,481,-61.75,-58.5,241700
1997,481,-61.75,-56.5,8500
1997,481,-61.25,-59.5,29100
1997,481,-61.25,-58.5,157700
1997,481,-61.25,-57.5,172600
1997,481,-61.25,-56.5,2507100
1997,481,-61.25,-55.5,1669700
1997,481,-61.25,-54.5,185600
1997,481,-60.75,-58.5,11000
1997,481,-60.75,-56.5,821600
1997,481,-60.75,-55.5,3721800
1997,481,-60.75,-54.5,198300
1997,481,-60.75,-53.5,7000
1997,481,-60.75,-50.5,2500
1997,481,-60.25,-59.5,70800
1997,481,-60.25,-58.5,47100
1997,481,-60.25,-57.5,184700
1997,481,-60.25,-56.5,54900
1997,481,-60.25,-55.5,56700
1997,481,-60.25,-54.5,3500
1998,481,-66.25,-67.5,258050
1998,481,-65.75,-67.5,166150
1998,481,-65.75,-66.5,501700
1998,481,-65.25,-69.5,29755
1998,481,-65.25,-68.5,17470
1998,481,-65.25,-65.5,53725
1998,481,-64.75,-69.5,1650
1998,481,-64.75,-65.5,122250
1998,481,-64.75,-64.5,1302900
1998,481,-64.25,-67.5,2400
1998,481,-64.25,-66.5,81000
1998,481,-64.25,-65.5,135200
1998,481,-64.25,-64.5,903025
1998,481,-64.25,-63.5,252000
1998,481,-64.25,-62.5,23775
1998,481,-63.75,-66.5,181670
1998,481,-63.75,-65.5,1179475
1998,481,-63.75,-64.5,75050
1998,481,-63.75,-63.5,93900
1998,481,-63.25,-64.5,345330
1998,481,-63.25,-63.5,59750
1998,481,-62.75,-62.5,145936
1998,481,-62.75,-61.5,14484009
1998,481,-62.75,-60.5,437950
1998,481,-62.75,-59.5,15862
1998,481,-62.25,-62.5,33000
1998,481,-62.25,-61.5,1803903
1998,481,-62.25,-60.5,11041979
1998,481,-62.25,-59.5,5566455
1998,481,-62.25,-58.5,1201045
1998,481,-61.75,-60.5,188100
1998,481,-61.75,-59.5,4675643
1998,481,-61.75,-58.5,3005528
1998,481,-61.75,-57.5,751118
1998,481,-61.75,-56.5,3366
1998,481,-61.75,-52.5,25300
1998,481,-61.25,-59.5,40203
1998,481,-61.25,-58.5,159300
1998,481,-61.25,-57.5,191500
1998,481,-61.25,-56.5,231897
1998,481,-61.25,-55.5,958534
1998,481,-61.25,-54.5,27600
1998,481,-60.75,-56.5,156530
1998,481,-60.75,-55.5,4076074
1998,481,-60.75,-54.5,83800
1998,481,-60.75,-53.5,38906
1998,481,-60.75,-52.5,500
1998,481,-60.25,-56.5,297574
1998,481,-60.25,-55.5,481350
1998,481,-60.25,-54.5,63800
1999,481,-64.75,-64.5,10400
1999,481,-64.25,-64.5,121000
1999,481,-64.25,-63.5,2529400
1999,481,-64.25,-62.5,507000
1999,481,-63.75,-63.5,168600
1999,481,-63.75,-62.5,523000
1999,481,-63.75,-61.5,14700
1999,481,-63.25,-63.5,7600
1999,481,-63.25,-59.5,9000
1999,481,-62.75,-62.5,1050700
1999,481,-62.75,-61.5,2695840
1999,481,-62.75,-59.5,286000
1999,481,-62.75,-58.5,57000
1999,481,-62.75,-57.5,15500
1999,481,-62.75,-56.5,105000
1999,481,-62.25,-62.5,971006
1999,481,-62.25,-61.5,4277289
1999,481,-62.25,-60.5,3332900
1999,481,-62.25,-59.5,4099200
1999,481,-62.25,-57.5,317500
1999,481,-62.25,-56.5,112600
1999,481,-62.25,-55.5,6500
1999,481,-61.75,-61.5,20000
1999,481,-61.75,-60.5,348700
1999,481,-61.75,-59.5,1734600
1999,481,-61.75,-58.5,2451700
1999,481,-61.75,-57.5,941700
1999,481,-61.75,-56.5,23500
1999,481,-61.25,-60.5,18000
1999,481,-61.25,-59.5,67200
1999,481,-61.25,-58.5,353800
1999,481,-61.25,-57.5,2000
1999,481,-61.25,-56.5,190000
1999,481,-61.25,-55.5,1177500
1999,481,-61.25,-54.5,548000
1999,481,-60.75,-58.5,967600
1999,481,-60.75,-57.5,529500
1999,481,-60.75,-56.5,70000
1999,481,-60.75,-55.5,6869100
1999,481,-60.75,-54.5,25800
1999,481,-60.25,-67.5,30000
1999,481,-60.25,-60.5,8000
1999,481,-60.25,-58.5,141700
1999,481,-60.25,-57.5,410000
1999,481,-60.25,-56.5,334100
2000,481,-64.25,-63.5,74100
2000,481,-63.75,-63.5,9400
2000,481,-63.75,-62.5,24000
2000,481,-63.25,-60.5,350020
2000,481,-63.25,-59.5,963020
2000,481,-62.75,-62.5,2192100
2000,481,-62.75,-61.5,7541000
2000,481,-62.75,-60.5,826740
2000,481,-62.75,-59.5,4989238
2000,481,-62.75,-58.5,491340
2000,481,-62.75,-57.5,113580
2000,481,-62.75,-56.5,1400
2000,481,-62.25,-62.5,1119200
2000,481,-62.25,-61.5,7341360
2000,481,-62.25,-60.5,17090804
2000,481,-62.25,-59.5,5158580
2000,481,-62.25,-58.5,443280
2000,481,-62.25,-57.5,705836
2000,481,-62.25,-56.5,173890
2000,481,-61.75,-61.5,541000
2000,481,-61.75,-60.5,1099900
2000,481,-61.75,-59.5,7918222
2000,481,-61.75,-58.5,3695416
2000,481,-61.75,-57.5,2013714
2000,481,-61.75,-55.5,26000
2000,481,-61.75,-54.5,29600
2000,481,-61.25,-59.5,55100
2000,481,-61.25,-58.5,239760
2000,481,-61.25,-57.5,256700
2000,481,-61.25,-56.5,3851400
2000,481,-61.25,-55.5,1597700
2000,481,-61.25,-54.5,236800
2000,481,-61.25,-50.5,118000
2000,481,-60.75,-57.5,12100
2000,481,-60.75,-56.5,451000
2000,481,-60.75,-55.5,4739200
2000,481,-60.75,-54.5,484000
2000,481,-60.75,-52.5,3000
2000,481,-60.25,-58.5,6300
2001,481,-64.25,-63.5,104200
2001,481,-63.75,-63.5,50000
2001,481,-63.75,-62.5,173900
2001,481,-63.25,-63.5,91000
2001,481,-63.25,-62.5,684100
2001,481,-63.25,-61.5,5000
2001,481,-63.25,-60.5,973200
2001,481,-63.25,-58.5,27700
2001,481,-63.25,-57.5,6000
2001,481,-62.75,-62.5,337700
2001,481,-62.75,-61.5,14333442
2001,481,-62.75,-60.5,383500
2001,481,-62.75,-59.5,2234880
2001,481,-62.75,-58.5,49650
2001,481,-62.75,-57.5,71640
2001,481,-62.75,-56.5,8400
2001,481,-62.25,-62.5,136000
2001,481,-62.25,-61.5,2782360
2001,481,-62.25,-60.5,6878762
2001,481,-62.25,-59.5,12463531
2001,481,-62.25,-58.5,463070
2001,481,-62.25,-57.5,4300
2001,481,-61.75,-60.5,14000
2001,481,-61.75,-59.5,4314670
2001,481,-61.75,-58.5,951700
2001,481,-61.75,-57.5,72500
2001,481,-61.75,-56.5,24000
2001,481,-61.25,-59.5,4000
2001,481,-61.25,-57.5,12000
2001,481,-61.25,-56.5,292000
2001,481,-61.25,-55.5,957200
2001,481,-61.25,-54.5,130400
2001,481,-61.25,-53.5,9000
2001,481,-60.75,-56.5,162500
2001,481,-60.75,-55.5,2775400
2001,481,-60.75,-54.5,339200
2001,481,-60.75,-52.5,1200
2002,481,-63.75,-61.5,5000
2002,481,-63.25,-62.5,13000
2002,481,-63.25,-60.5,1000
2002,481,-63.25,-59.5,9000
2002,481,-63.25,-58.5,174000
2002,481,-62.75,-61.5,3296000
2002,481,-62.75,-59.5,98000
2002,481,-62.75,-58.5,80000
2002,481,-62.75,-57.5,15000
2002,481,-62.25,-61.5,298000
2002,481,-62.25,-60.5,1235000
2002,481,-62.25,-59.5,216000
2002,481,-62.25,-58.5,41000
2002,481,-61.75,-61.5,130500
2002,481,-61.75,-59.5,74000
2002,481,-61.75,-58.5,173000
2002,481,-61.75,-56.5,500
2002,481,-61.25,-61.5,3500
2002,481,-61.25,-56.5,1119500
2002,481,-61.25,-55.5,33000
2002,481,-61.25,-54.5,14000
2002,481,-60.75,-56.5,405100
2002,481,-60.75,-55.5,985200
2002,481,-60.75,-54.5,2052400
2002,481,-60.75,-53.5,53900
2002,481,-60.75,-52.5,170300
2002,481,-60.75,-51.5,4370
2003,481,-64.75,-64.5,3000
2003,481,-64.25,-64.5,13555
2003,481,-64.25,-63.5,19332
2003,481,-63.75,-63.5,12000
2003,481,-63.75,-62.5,9782
2003,481,-63.75,-61.5,40182
2003,481,-63.75,-59.5,52923
2003,481,-63.25,-62.5,41759
2003,481,-63.25,-59.5,20953
2003,481,-62.75,-62.5,5000
2003,481,-62.75,-61.5,23154208
2003,481,-62.75,-60.5,25625
2003,481,-62.75,-59.5,59000
2003,481,-62.75,-58.5,2300
2003,481,-62.25,-63.5,4000
2003,481,-62.25,-61.5,2754154
2003,481,-62.25,-60.5,3960404
2003,481,-62.25,-59.5,1096908
2003,481,-62.25,-58.5,40696
2003,481,-62.25,-57.5,10000
2003,481,-61.75,-59.5,156322
2003,481,-61.75,-58.5,173310
2003,481,-61.75,-57.5,34107
2003,481,-61.25,-55.5,103000
2003,481,-60.75,-56.5,5592
2003,481,-60.75,-55.5,851002
2003,481,-60.75,-54.5,1569
2003,481,-60.75,-52.5,6542
2003,481,-60.25,-51.5,36826
2004,481,-63.75,-62.5,16236
2004,481,-63.25,-63.5,175000
2004,481,-63.25,-62.5,3000
2004,481,-63.25,-61.5,2000
2004,481,-63.25,-59.5,186000
2004,481,-63.25,-58.5,414500
2004,481,-62.75,-63.5,150000
2004,481,-62.75,-62.5,437608
2004,481,-62.75,-61.5,1912308
2004,481,-62.75,-60.5,33500
2004,481,-62.75,-59.5,436000
2004,481,-62.75,-58.5,962000
2004,481,-62.75,-57.5,36630
2004,481,-62.75,-52.5,5000
2004,481,-62.25,-63.5,276000
2004,481,-62.25,-62.5,455000
2004,481,-62.25,-61.5,504764
2004,481,-62.25,-60.5,1676236
2004,481,-62.25,-59.5,705888
2004,481,-62.25,-58.5,192000
2004,481,-62.25,-57.5,26000
2004,481,-61.75,-61.5,6000
2004,481,-61.75,-60.5,147000
2004,481,-61.75,-59.5,673996
2004,481,-61.75,-58.5,25718
2004,481,-61.75,-57.5,11500
2004,481,-61.75,-56.5,9000
2004,481,-61.25,-56.5,123718
2004,481,-61.25,-55.5,400048
2004,481,-61.25,-54.5,4040000
2004,481,-61.25,-53.5,16000
2004,481,-60.75,-56.5,45820
2004,481,-60.75,-55.5,1254500
2004,481,-60.75,-54.5,223298
2004,481,-60.75,-53.5,8000
2004,481,-60.25,-55.5,51578
2004,481,-60.25,-50.5,1000
2005,481,-63.25,-60.5,37473.33333
2005,481,-62.75,-61.5,4411379.044
2005,481,-62.75,-59.5,3406.666667
2005,481,-62.25,-61.5,169440
2005,481,-62.25,-60.5,436200
2005,481,-62.25,-59.5,508620
2005,481,-61.75,-59.5,33000
2005,481,-61.75,-58.5,1443000
2005,481,-61.75,-57.5,6000
2005,481,-61.25,-57.5,1050
2005,481,-61.25,-56.5,1050
2005,481,-61.25,-55.5,2735
2005,481,-60.75,-55.5,30685
2005,481,-60.75,-54.5,3370
2005,481,-60.25,-59.5,9000
2006,481,-63.75,-62.5,34100
2006,481,-63.75,-61.5,7744
2006,481,-63.25,-61.5,5000
2006,481,-63.25,-60.5,442224
2006,481,-63.25,-59.5,9215788
2006,481,-63.25,-58.5,5180682
2006,481,-63.25,-57.5,71956
2006,481,-62.75,-61.5,16141897.6
2006,481,-62.75,-60.5,124720
2006,481,-62.75,-59.5,5897255
2006,481,-62.75,-58.5,7676759
2006,481,-62.75,-57.5,4435557
2006,481,-62.75,-56.5,721571
2006,481,-62.25,-61.5,4705455
2006,481,-62.25,-60.5,20659139.96
2006,481,-62.25,-59.5,4794420.8
2006,481,-62.25,-58.5,2974468
2006,481,-62.25,-57.5,20000
2006,481,-61.75,-59.5,1316904.6
2006,481,-61.75,-58.5,2527118
2006,481,-61.75,-57.5,1110748
2006,481,-61.25,-58.5,315954
2006,481,-61.25,-55.5,149096
2006,481,-61.25,-54.5,6000
2006,481,-60.75,-55.5,1704038
2006,481,-60.75,-54.5,331000
2007,481,-64.25,-63.5,4000
2007,481,-63.25,-60.5,3150
2007,481,-63.25,-58.5,10250
2007,481,-62.75,-62.5,255760
2007,481,-62.75,-61.5,2201022
2007,481,-62.75,-60.5,401060
2007,481,-62.75,-59.5,71180
2007,481,-62.75,-57.5,3210
2007,481,-62.25,-62.5,442180
2007,481,-62.25,-61.5,2210149
2007,481,-62.25,-60.5,7203356
2007,481,-62.25,-59.5,745710
2007,481,-62.25,-58.5,5580
2007,481,-61.75,-60.5,377915
2007,481,-61.75,-59.5,709807
2007,481,-61.75,-58.5,70698
2007,481,-61.75,-57.5,15004
2007,481,-61.25,-57.5,27614
2007,481,-61.25,-56.5,133410
2007,481,-61.25,-55.5,18580
2007,481,-61.25,-54.5,51296
2007,481,-61.25,-51.5,29000
2007,481,-60.75,-55.5,976586
2007,481,-60.75,-54.5,4290
2008,481,-62.75,-61.5,40000
2008,481,-62.25,-60.5,157000
2008,481,-62.25,-59.5,134000
2008,481,-61.25,-54.5,309350
2008,481,-60.75,-55.5,1682670
2008,481,-60.75,-54.5,258940
2009,481,-64.25,-54.5,5000
2009,481,-63.75,-59.5,1060
2009,481,-63.75,-56.5,4000
2009,481,-63.25,-61.5,200
2009,481,-63.25,-60.5,68552
2009,481,-63.25,-59.5,150969
2009,481,-63.25,-58.5,2679819
2009,481,-63.25,-57.5,292000
2009,481,-63.25,-56.5,20840
2009,481,-63.25,-54.5,1023290
2009,481,-63.25,-53.5,625027
2009,481,-62.75,-62.5,66633
2009,481,-62.75,-61.5,193170
2009,481,-62.75,-60.5,2540
2009,481,-62.75,-58.5,1291292
2009,481,-62.75,-57.5,2107653
2009,481,-62.75,-56.5,6401220
2009,481,-62.75,-55.5,2852257
2009,481,-62.75,-54.5,3477920
2009,481,-62.75,-53.5,16000
2009,481,-62.25,-62.5,33968
2009,481,-62.25,-61.5,2097524
2009,481,-62.25,-60.5,1039026
2009,481,-62.25,-59.5,467076
2009,481,-62.25,-58.5,129120
2009,481,-62.25,-57.5,36000
2009,481,-62.25,-56.5,1030033
2009,481,-62.25,-55.5,792148
2009,481,-62.25,-54.5,1120086
2009,481,-62.25,-53.5,6600
2009,481,-61.75,-60.5,24000
2009,481,-61.75,-59.5,146181
2009,481,-61.75,-58.5,678957
2009,481,-61.75,-57.5,255840
2009,481,-61.75,-56.5,1143840
2009,481,-61.75,-55.5,722640
2009,481,-61.75,-54.5,1468560
2009,481,-61.75,-53.5,13000
2009,481,-61.25,-56.5,22880
2009,481,-61.25,-55.5,25000
2009,481,-61.25,-54.5,646840
2009,481,-60.75,-56.5,12960
2009,481,-60.75,-55.5,695090
2009,481,-60.75,-54.5,198210
2009,481,-60.75,-53.5,33230
2010,481,-64.25,-67.5,40
2010,481,-64.25,-66.5,12600
2010,481,-64.25,-65.5,5000
2010,481,-64.25,-63.5,14000
2010,481,-64.25,-62.5,2580599
2010,481,-64.25,-61.5,10807
2010,481,-63.75,-66.5,250
2010,481,-63.75,-65.5,7180
2010,481,-63.75,-62.5,3331361
2010,481,-63.75,-61.5,581548
2010,481,-63.75,-60.5,21169914
2010,481,-63.75,-59.5,3290323
2010,481,-63.25,-60.5,19510509
2010,481,-63.25,-59.5,15801356
2010,481,-63.25,-58.5,20217042
2010,481,-63.25,-57.5,975466
2010,481,-62.75,-61.5,11813508
2010,481,-62.75,-60.5,56400
2010,481,-62.75,-59.5,17058469
2010,481,-62.75,-58.5,7895905
2010,481,-62.75,-57.5,4440979
2010,481,-62.75,-56.5,2640
2010,481,-62.25,-66.5,100
2010,481,-62.25,-63.5,1440
2010,481,-62.25,-61.5,1567701
2010,481,-62.25,-60.5,4103294
2010,481,-62.25,-59.5,927454
2010,481,-62.25,-58.5,14247467
2010,481,-62.25,-57.5,2460333
2010,481,-61.75,-62.5,2460
2010,481,-61.75,-59.5,170000
2010,481,-61.75,-58.5,176000
2010,481,-61.75,-57.5,41400
2010,481,-61.75,-56.5,23000
2010,481,-61.25,-59.5,7000
2010,481,-61.25,-58.5,1000
2010,481,-61.25,-57.5,23520
2010,481,-61.25,-56.5,124400
2010,481,-61.25,-55.5,10000
2010,481,-60.75,-59.5,13460
2010,481,-60.75,-58.5,15440
2010,481,-60.75,-55.5,1637700
2010,481,-60.75,-51.5,1000
2011,481,-64.25,-62.5,9776
2011,481,-63.75,-60.5,59000
2011,481,-62.75,-61.5,234320
2011,481,-62.75,-58.5,84250
2011,481,-62.25,-60.5,414918
2011,481,-62.25,-59.5,2726563
2011,481,-62.25,-58.5,303430
2011,481,-61.75,-60.5,1000
2011,481,-61.75,-59.5,2471701
2011,481,-61.75,-58.5,1298140
2011,481,-61.25,-59.5,124000
2011,481,-61.25,-58.5,1340000
2011,481,-61.25,-57.5,133000
2011,481,-60.75,-55.5,14544
2011,481,-60.25,-56.5,100
2012,481,-64.75,-62.5,1451037
2012,481,-64.25,-63.5,2883860
2012,481,-64.25,-62.5,597400
2012,481,-64.25,-61.5,11319953
2012,481,-63.75,-62.5,1415660
2012,481,-63.75,-61.5,3159677
2012,481,-63.75,-60.5,5932354
2012,481,-63.75,-59.5,412920
2012,481,-63.25,-61.5,61690
2012,481,-63.25,-60.5,913535
2012,481,-63.25,-59.5,10919395
2012,481,-63.25,-58.5,4952630
2012,481,-63.25,-57.5,9720
2012,481,-62.75,-62.5,37232
2012,481,-62.75,-61.5,17009113
2012,481,-62.75,-60.5,33960
2012,481,-62.75,-59.5,4539974
2012,481,-62.75,-58.5,523015
2012,481,-62.75,-57.5,85320
2012,481,-62.25,-61.5,1691026
2012,481,-62.25,-60.5,1826995
2012,481,-62.25,-59.5,236279
2012,481,-62.25,-58.5,923980
2012,481,-62.25,-57.5,153060
2012,481,-62.25,-55.5,20000
2012,481,-61.75,-60.5,214000
2012,481,-61.75,-59.5,3554919
2012,481,-61.75,-58.5,290917
2012,481,-61.75,-57.5,3908
2012,481,-61.75,-56.5,8640
2012,481,-61.75,-55.5,26280
2012,481,-61.25,-59.5,298840
2012,481,-61.25,-58.5,299640
2012,481,-61.25,-56.5,17512
2012,481,-61.25,-54.5,4700
2012,481,-60.75,-54.5,1003
2012,481,-60.25,-60.5,1373
2013,481,-64.75,-61.5,101000
2013,481,-64.25,-62.5,38553.6448
2013,481,-64.25,-61.5,15719145.69
2013,481,-63.75,-62.5,39074.64
2013,481,-63.75,-61.5,3111765.841
2013,481,-63.75,-60.5,21129150.14
2013,481,-63.75,-59.5,13537886.08
2013,481,-63.25,-61.5,12848
2013,481,-63.25,-60.5,4569971.764
2013,481,-63.25,-59.5,34961204.14
2013,481,-63.25,-58.5,35122024.73
2013,481,-63.25,-57.5,52140
2013,481,-62.75,-61.5,2831336.31
2013,481,-62.75,-59.5,580921.039
2013,481,-62.75,-58.5,7221976.239
2013,481,-62.75,-57.5,5120524
2013,481,-62.75,-56.5,8000
2013,481,-62.25,-61.5,891186.9792
2013,481,-62.25,-60.5,78034.832
2013,481,-62.25,-59.5,197560
2013,481,-62.25,-58.5,6600
2013,481,-62.25,-57.5,58064.0944
2013,481,-61.75,-59.5,82315.79
2013,481,-61.75,-58.5,3589793.095
2013,481,-61.75,-57.5,1611186.008
2013,481,-61.25,-58.5,824879.8951
2013,481,-61.25,-57.5,1470155.741
2013,481,-61.25,-56.5,32301.7024
2013,481,-61.25,-55.5,35929.608
2013,481,-60.75,-56.5,82311.7168
2013,481,-60.75,-55.5,133818.4576
2014,481,-64.75,-62.5,528429.2833
2014,481,-64.75,-61.5,209458.4472
2014,481,-64.25,-62.5,340312.2982
2014,481,-64.25,-61.5,6727138.437
2014,481,-63.75,-61.5,28817.3
2014,481,-63.75,-60.5,3294700.88
2014,481,-63.75,-59.5,1568085.1
2014,481,-63.25,-63.5,55460
2014,481,-63.25,-62.5,1286352.096
2014,481,-63.25,-61.5,81816.72
2014,481,-63.25,-60.5,7587583
2014,481,-63.25,-59.5,16931914.67
2014,481,-63.25,-58.5,59406511.78
2014,481,-63.25,-57.5,451257
2014,481,-62.75,-62.5,1985747.125
2014,481,-62.75,-61.5,10292253.84
2014,481,-62.75,-60.5,126000
2014,481,-62.75,-59.5,1208810.978
2014,481,-62.75,-58.5,12459447.03
2014,481,-62.75,-57.5,4252900.3
2014,481,-62.25,-62.5,160872.0834
2014,481,-62.25,-61.5,3562241.678
2014,481,-62.25,-60.5,1833453.652
2014,481,-62.25,-58.5,11000
2014,481,-62.25,-57.5,857596.65
2014,481,-62.25,-56.5,283720
2014,481,-61.75,-61.5,241669.99
2014,481,-61.75,-60.5,977424.9605
2014,481,-61.75,-59.5,2663801
2014,481,-61.75,-58.5,2337315
2014,481,-61.75,-57.5,1487874.976
2014,481,-61.75,-56.5,2191155.354
2014,481,-61.25,-58.5,49237
2014,481,-61.25,-57.5,90736.69308
2014,481,-61.25,-56.5,477770.6873
2014,481,-60.75,-56.5,267313.5079
2014,481,-60.75,-53.5,20663.4232
2014,481,-60.25,-56.5,101371.4083
2015,481,-64.25,-61.5,10925770.09
2015,481,-63.25,-61.5,5000
2015,481,-63.25,-59.5,102472
2015,481,-63.25,-58.5,180933
2015,481,-62.75,-62.5,340301
2015,481,-62.75,-61.5,121335
2015,481,-62.75,-59.5,624082.7943
2015,481,-62.75,-58.5,651036.06
2015,481,-62.25,-57.5,400428.0369
2015,481,-61.75,-57.5,5017.895199
2015,481,-61.75,-56.5,104372.2201
2015,481,-60.75,-56.5,568312.4734
2015,481,-60.75,-55.5,266808.6562
1981,482,-59.75,-37.5,3000
1981,482,-59.75,-36.5,13000
1981,482,-59.25,-37.5,100
1981,482,-59.25,-36.5,2000
1981,482,-58.75,-37.5,20
1981,482,-58.75,-36.5,1
1981,482,-58.25,-41.5,10
1981,482,-58.25,-40.5,200
1982,482,-61.25,-49.5,880
1982,482,-60.75,-47.5,2000
1982,482,-60.25,-48.5,7466
1982,482,-60.25,-47.5,47400
1982,482,-60.25,-46.5,41488
1982,482,-60.25,-45.5,10000
1982,482,-60.25,-44.5,5772
1982,482,-59.75,-49.5,13768
1982,482,-59.75,-48.5,10
1982,482,-59.75,-45.5,5290
1982,482,-59.75,-44.5,10000
1982,482,-59.25,-49.5,1932
1982,482,-59.25,-48.5,7248
1982,482,-59.25,-47.5,6770
1982,482,-59.25,-44.5,35328
1982,482,-59.25,-43.5,198760
1982,482,-58.75,-49.5,7391
1982,482,-58.75,-47.5,2383
1982,482,-58.75,-46.5,8232
1982,482,-58.75,-45.5,145642
1982,482,-58.75,-44.5,462867
1982,482,-58.75,-42.5,1170
1982,482,-58.25,-49.5,1344
1982,482,-58.25,-46.5,79523
1982,482,-58.25,-45.5,131601
1982,482,-58.25,-44.5,77737
1982,482,-58.25,-43.5,45133
1982,482,-58.25,-42.5,11040
1982,482,-58.25,-41.5,9350
1982,482,-57.75,-46.5,17157
1982,482,-57.75,-45.5,102251
1983,482,-60.75,-46.5,9108
1983,482,-60.75,-45.5,2700
1983,482,-60.75,-42.5,1632
1983,482,-60.75,-41.5,3636
1983,482,-60.25,-46.5,413321
1983,482,-60.25,-45.5,226484
1983,482,-60.25,-44.5,46093
1983,482,-60.25,-43.5,86080
1983,482,-60.25,-42.5,31672
1983,482,-59.75,-47.5,32912
1983,482,-59.75,-46.5,178142
1983,482,-59.75,-45.5,19314
1983,482,-59.75,-44.5,105462
1983,482,-59.75,-43.5,1267738
1983,482,-59.75,-42.5,39313
1983,482,-59.25,-45.5,26730
1983,482,-59.25,-44.5,448895
1983,482,-59.25,-43.5,611113
1983,482,-59.25,-42.5,121363
1983,482,-58.75,-45.5,124375
1983,482,-58.75,-44.5,626353
1983,482,-58.75,-43.5,102475
1983,482,-58.25,-45.5,48177
1983,482,-58.25,-44.5,106402
1984,482,-61.25,-33.5,5
1984,482,-60.75,-49.5,1
1984,482,-60.75,-47.5,35
1984,482,-60.75,-46.5,475437
1984,482,-60.75,-45.5,987656
1984,482,-60.75,-44.5,144062
1984,482,-60.75,-42.5,2
1984,482,-60.75,-41.5,1
1984,482,-60.75,-31.5,2
1984,482,-60.25,-49.5,10301
1984,482,-60.25,-47.5,15455
1984,482,-60.25,-46.5,4830811
1984,482,-60.25,-45.5,3858641
1984,482,-60.25,-43.5,12501
1984,482,-60.25,-38.5,4892
1984,482,-59.75,-49.5,2
1984,482,-59.75,-46.5,1
1984,482,-59.75,-45.5,4
1984,482,-59.75,-43.5,2
1984,482,-59.75,-38.5,942
1984,482,-59.75,-37.5,110
1984,482,-59.75,-31.5,30
1984,482,-59.25,-44.5,2
1984,482,-58.75,-43.5,30
1985,482,-60.75,-48.5,11750
1985,482,-60.75,-46.5,2069897
1985,482,-60.75,-45.5,113790
1985,482,-60.75,-43.5,6678
1985,482,-60.75,-40.5,2628
1985,482,-60.25,-48.5,23400
1985,482,-60.25,-47.5,56080
1985,482,-60.25,-46.5,15455775
1985,482,-60.25,-45.5,1994081
1985,482,-60.25,-44.5,1294444
1985,482,-60.25,-43.5,1137930
1985,482,-60.25,-41.5,1000
1985,482,-60.25,-38.5,2094
1985,482,-60.25,-37.5,2890
1985,482,-60.25,-36.5,1110
1985,482,-59.75,-49.5,3000
1985,482,-59.75,-48.5,7000
1985,482,-59.75,-46.5,5000
1985,482,-59.75,-45.5,3000
1985,482,-59.75,-43.5,3000
1985,482,-59.25,-47.5,750
1985,482,-59.25,-46.5,15916
1985,482,-59.25,-45.5,89962
1985,482,-59.25,-44.5,12500
1985,482,-59.25,-43.5,47808
1985,482,-58.75,-45.5,233193
1985,482,-58.75,-44.5,143317
1985,482,-58.75,-42.5,12000
1985,482,-58.25,-45.5,3000
1985,482,-58.25,-43.5,1000
1986,482,-60.75,-47.5,309000
1986,482,-60.75,-46.5,2248687
1986,482,-60.75,-45.5,140310
1986,482,-60.25,-49.5,59000
1986,482,-60.25,-46.5,10577634
1986,482,-60.25,-45.5,4810438
1986,482,-60.25,-44.5,243000
1986,482,-60.25,-43.5,358800
1986,482,-60.25,-34.5,2500
1986,482,-60.25,-33.5,15500
1986,482,-60.25,-32.5,2000
1986,482,-60.25,-31.5,1500
1987,482,-60.75,-50.5,494
1987,482,-60.75,-47.5,1237000
1987,482,-60.75,-46.5,498250
1987,482,-60.75,-45.5,37920
1987,482,-60.75,-44.5,112816
1987,482,-60.75,-40.5,824
1987,482,-60.75,-39.5,19706
1987,482,-60.75,-38.5,21780
1987,482,-60.75,-37.5,2160
1987,482,-60.25,-50.5,16866
1987,482,-60.25,-49.5,104163
1987,482,-60.25,-48.5,740961
1987,482,-60.25,-47.5,3034764
1987,482,-60.25,-46.5,11419042
1987,482,-60.25,-45.5,1004529
1987,482,-60.25,-44.5,46503
1987,482,-60.25,-43.5,32898
1987,482,-60.25,-42.5,11640
1987,482,-60.25,-40.5,46270
1987,482,-60.25,-39.5,21564
1987,482,-60.25,-38.5,6060
1987,482,-60.25,-31.5,2580
1987,482,-60.25,-30.5,2420
1987,482,-59.75,-42.5,24000
1988,482,-61.25,-46.5,19296000
1988,482,-60.75,-49.5,29940
1988,482,-60.75,-48.5,6550
1988,482,-60.75,-47.5,26000
1988,482,-60.75,-46.5,66500050
1988,482,-60.75,-45.5,4306000
1988,482,-60.25,-50.5,95200
1988,482,-60.25,-49.5,67340
1988,482,-60.25,-48.5,39950
1988,482,-60.25,-47.5,97000
1988,482,-60.25,-46.5,3414036
1988,482,-60.25,-45.5,38000
1988,482,-60.25,-44.5,19500
1988,482,-60.25,-43.5,67500
1988,482,-60.25,-42.5,40000
1988,482,-60.25,-41.5,10000
1988,482,-60.25,-39.5,15500
1988,482,-60.25,-36.5,12000
1988,482,-59.75,-49.5,133000
1988,482,-59.75,-48.5,32900
1988,482,-59.25,-49.5,36400
1988,482,-59.25,-45.5,1382000
1988,482,-58.75,-49.5,19600
1988,482,-58.75,-48.5,11900
1988,482,-58.75,-44.5,2565000
1988,482,-58.25,-48.5,180740
1989,482,-60.75,-49.5,700
1989,482,-60.25,-50.5,50
1989,482,-60.25,-48.5,107325
1989,482,-60.25,-47.5,5177320
1989,482,-60.25,-46.5,10154606
1989,482,-60.25,-44.5,13900
1989,482,-59.75,-47.5,51800
1989,482,-59.75,-46.5,49200
1989,482,-59.25,-45.5,1165000
1989,482,-58.75,-44.5,59054000
1989,482,-58.75,-43.5,12328000
1990,482,-60.25,-47.5,56976000
1990,482,-60.25,-46.5,72091000
1990,482,-60.25,-44.5,12657220
1990,482,-59.75,-47.5,51050000
1990,482,-59.75,-46.5,30758000
1991,482,-61.25,-43.5,132040
1991,482,-60.75,-46.5,67516600
1991,482,-60.75,-45.5,186340
1991,482,-60.75,-44.5,83950
1991,482,-60.75,-43.5,59380
1991,482,-60.25,-49.5,1700
1991,482,-60.25,-47.5,167500
1991,482,-60.25,-46.5,69893100
1991,482,-60.25,-45.5,5630440
1991,482,-60.25,-44.5,12616000
1991,482,-59.75,-48.5,1300
1991,482,-59.75,-46.5,701000
1991,482,-59.75,-45.5,4750
1991,482,-59.75,-44.5,68250
1991,482,-59.75,-43.5,2008000
1991,482,-59.25,-44.5,1039000
1991,482,-59.25,-43.5,1219000
1991,482,-58.75,-48.5,40400
1991,482,-57.25,-49.5,17000
1992,482,-62.25,-44.5,284000
1992,482,-60.75,-49.5,58000
1992,482,-60.75,-48.5,183000
1992,482,-60.75,-47.5,1935000
1992,482,-60.75,-46.5,411000
1992,482,-60.75,-45.5,1021000
1992,482,-60.25,-49.5,15100
1992,482,-60.25,-48.5,6000
1992,482,-60.25,-47.5,11752000
1992,482,-60.25,-46.5,29721100
1992,482,-60.25,-45.5,4447000
1992,482,-60.25,-44.5,1693000
1992,482,-59.75,-47.5,309800
1992,482,-59.75,-46.5,5085700
1992,482,-59.75,-45.5,340000
1992,482,-59.75,-44.5,2475000
1992,482,-59.75,-43.5,2647000
1992,482,-59.25,-44.5,5462000
1992,482,-59.25,-43.5,9218000
1992,482,-58.75,-44.5,968000
1992,482,-58.75,-43.5,3206000
1992,482,-58.75,-42.5,345000
1992,482,-58.25,-43.5,1770000
1992,482,-58.25,-42.5,3668000
1992,482,-58.25,-41.5,52000
1992,482,-58.25,-35.5,124000
1992,482,-57.25,-49.5,18600
1993,482,-61.25,-31.5,358900
1993,482,-61.25,-30.5,49800
1993,482,-60.75,-46.5,46200
1993,482,-60.75,-45.5,715800
1993,482,-60.75,-44.5,1179200
1993,482,-60.75,-35.5,1200
1993,482,-60.75,-33.5,2500
1993,482,-60.25,-48.5,31100
1993,482,-60.25,-47.5,925400
1993,482,-60.25,-46.5,5853110
1993,482,-60.25,-45.5,2326200
1993,482,-60.25,-44.5,357400
1993,482,-59.75,-47.5,144200
1993,482,-59.75,-46.5,14600
1993,482,-59.25,-46.5,9900
1993,482,-59.25,-45.5,57720
1993,482,-59.25,-44.5,2500
1993,482,-58.75,-44.5,594440
1994,482,-61.25,-44.5,187600
1994,482,-60.75,-47.5,282900
1994,482,-60.75,-46.5,3793200
1994,482,-60.75,-45.5,179300
1994,482,-60.75,-44.5,33500
1994,482,-60.25,-48.5,3520
1994,482,-60.25,-47.5,653200
1994,482,-60.25,-46.5,13951950
1994,482,-60.25,-45.5,173890
1995,482,-61.75,-45.5,23600
1995,482,-60.75,-47.5,25655
1995,482,-60.75,-46.5,17947050
1995,482,-60.75,-45.5,1273300
1995,482,-60.25,-47.5,842540
1995,482,-60.25,-46.5,27199820
1995,482,-60.25,-45.5,1494000
1995,482,-59.25,-46.5,3400
1995,482,-58.25,-49.5,24000
1996,482,-60.75,-50.5,30000
1996,482,-60.75,-46.5,356000
1996,482,-60.25,-48.5,500
1996,482,-60.25,-46.5,1762500
1996,482,-60.25,-45.5,3000
1996,482,-58.75,-44.5,10000
1997,482,-60.25,-46.5,7500
1997,482,-60.25,-43.5,91000
1998,482,-60.75,-46.5,748600
1998,482,-60.75,-45.5,85500
1998,482,-60.25,-50.5,270000
1998,482,-60.25,-49.5,4400
1998,482,-60.25,-47.5,209435
1998,482,-60.25,-46.5,5088852
1998,482,-60.25,-45.5,227497
1998,482,-59.75,-49.5,7000
1998,482,-59.75,-46.5,124400
1998,482,-59.75,-45.5,138500
1998,482,-59.75,-44.5,6900
1998,482,-59.25,-44.5,8000
1998,482,-59.25,-43.5,15000
1998,482,-58.75,-43.5,15800
1998,482,-58.25,-43.5,34300
1999,482,-62.25,-49.5,103000
1999,482,-61.75,-49.5,258000
1999,482,-61.25,-46.5,20000
1999,482,-60.75,-50.5,19100
1999,482,-60.75,-48.5,244000
1999,482,-60.75,-47.5,520000
1999,482,-60.75,-46.5,12834800
1999,482,-60.75,-45.5,11728800
1999,482,-60.75,-44.5,1844000
1999,482,-60.75,-43.5,1557900
1999,482,-60.25,-50.5,620200
1999,482,-60.25,-46.5,33275256
1999,482,-60.25,-45.5,62600
2000,482,-61.75,-44.5,33000
2000,482,-61.25,-46.5,25000
2000,482,-61.25,-44.5,27000
2000,482,-61.25,-43.5,191000
2000,482,-60.75,-48.5,4100
2000,482,-60.75,-47.5,132500
2000,482,-60.75,-46.5,4554394
2000,482,-60.75,-45.5,1291400
2000,482,-60.75,-44.5,594000
2000,482,-60.75,-43.5,26000
2000,482,-60.75,-42.5,200000
2000,482,-60.75,-41.5,1779000
2000,482,-60.75,-40.5,679000
2000,482,-60.75,-39.5,442000
2000,482,-60.25,-48.5,15000
2000,482,-60.25,-47.5,1286252
2000,482,-60.25,-46.5,4971066
2000,482,-60.25,-45.5,681000
2001,482,-60.75,-46.5,118000
2001,482,-60.75,-45.5,3855200
2001,482,-60.25,-46.5,977300
2001,482,-60.25,-45.5,47600
2002,482,-61.75,-45.5,10000
2002,482,-61.25,-45.5,12000
2002,482,-60.75,-49.5,8100
2002,482,-60.75,-47.5,5425900
2002,482,-60.75,-46.5,9918400
2002,482,-60.75,-45.5,801200
2002,482,-60.75,-44.5,15000
2002,482,-60.25,-48.5,35000
2002,482,-60.25,-47.5,3382600
2002,482,-60.25,-46.5,29988300
2002,482,-60.25,-45.5,5375600
2002,482,-59.75,-46.5,500
2003,482,-62.25,-31.5,48366
2003,482,-60.75,-47.5,479836
2003,482,-60.75,-46.5,555660
2003,482,-60.25,-49.5,35424
2003,482,-60.25,-47.5,1973092
2003,482,-60.25,-46.5,13325592
2003,482,-60.25,-45.5,10865
2003,482,-60.25,-44.5,48000
2003,482,-59.75,-49.5,15000
2003,482,-59.75,-45.5,244082
2003,482,-59.75,-44.5,173304
2003,482,-59.25,-48.5,29145
2003,482,-57.25,-40.5,2064
2004,482,-60.75,-49.5,2000
2004,482,-60.75,-47.5,28000
2004,482,-60.75,-46.5,2681099
2004,482,-60.75,-45.5,199574
2004,482,-60.25,-48.5,44850
2004,482,-60.25,-47.5,1405433
2004,482,-60.25,-46.5,41014143.1
2004,482,-60.25,-45.5,2446194
2004,482,-60.25,-44.5,106000
2004,482,-59.75,-49.5,7000
2004,482,-59.75,-47.5,19200
2004,482,-59.75,-46.5,88000
2004,482,-59.75,-45.5,13000
2004,482,-59.25,-43.5,86000
2004,482,-59.25,-42.5,51000
2004,482,-58.75,-47.5,1000
2005,482,-60.75,-47.5,7000
2005,482,-60.75,-46.5,18565848.22
2005,482,-60.75,-45.5,622360
2005,482,-60.25,-47.5,164198.04
2005,482,-60.25,-46.5,46941545.79
2005,482,-60.25,-45.5,5909448.667
2005,482,-58.75,-48.5,42907
2005,482,-57.25,-47.5,8770
2006,482,-60.75,-46.5,812345
2006,482,-60.75,-45.5,29000
2006,482,-60.75,-44.5,1000
2006,482,-60.25,-46.5,1762225
2006,482,-60.25,-45.5,507000
2007,482,-60.75,-48.5,10000
2007,482,-60.75,-47.5,461060
2007,482,-60.75,-46.5,483460
2007,482,-60.75,-45.5,20000
2007,482,-60.75,-44.5,234000
2007,482,-60.25,-47.5,7396246
2007,482,-60.25,-46.5,52880942
2007,482,-60.25,-45.5,6376382
2007,482,-60.25,-44.5,139080
2007,482,-59.75,-47.5,20000
2008,482,-60.75,-47.5,20000
2008,482,-60.75,-46.5,5049505
2008,482,-60.75,-45.5,11000
2008,482,-60.25,-48.5,1400
2008,482,-60.25,-47.5,4713696
2008,482,-60.25,-46.5,78165636
2008,482,-60.25,-45.5,843570
2009,482,-62.25,-45.5,1291000
2009,482,-61.75,-45.5,227000
2009,482,-60.75,-46.5,38443045
2009,482,-60.75,-45.5,30270
2009,482,-60.25,-47.5,249298
2009,482,-60.25,-46.5,48259975
2009,482,-60.25,-45.5,2827204
2009,482,-60.25,-44.5,5045
2009,482,-59.75,-49.5,13670
2009,482,-59.75,-45.5,62907
2009,482,-59.75,-44.5,179043
2010,482,-60.75,-47.5,1591327
2010,482,-60.75,-46.5,396120
2010,482,-60.75,-45.5,259000
2010,482,-60.25,-48.5,221832
2010,482,-60.25,-47.5,7583460
2010,482,-60.25,-46.5,39904165
2010,482,-60.25,-45.5,235641
2010,482,-59.75,-48.5,276460
2010,482,-59.75,-47.5,23630
2011,482,-61.75,-45.5,174000
2011,482,-61.25,-47.5,498800
2011,482,-61.25,-46.5,415800
2011,482,-61.25,-45.5,1200
2011,482,-60.75,-47.5,9896585
2011,482,-60.75,-46.5,4002986
2011,482,-60.75,-45.5,10120
2011,482,-60.75,-44.5,212426
2011,482,-60.25,-47.5,9735359
2011,482,-60.25,-46.5,75782368
2011,482,-60.25,-45.5,15021003
2011,482,-60.25,-44.5,79187
2011,482,-59.75,-47.5,165000
2012,482,-60.75,-48.5,25310
2012,482,-60.75,-46.5,9000
2012,482,-60.25,-48.5,7500
2012,482,-60.25,-47.5,312774.184
2012,482,-60.25,-46.5,28350999
2012,482,-60.25,-45.5,291503
2013,482,-60.75,-46.5,853756
2013,482,-60.25,-49.5,33624
2013,482,-60.25,-47.5,772836
2013,482,-60.25,-46.5,28906523.4
2013,482,-60.25,-45.5,10000
2014,482,-60.75,-47.5,11470.93968
2014,482,-60.75,-46.5,7186977.096
2014,482,-60.25,-47.5,4381957.47
2014,482,-60.25,-46.5,47131168.66
2014,482,-60.25,-45.5,13742983.99
2015,482,-60.25,-46.5,3341691
1981,483,-54.75,-35.5,39601
1981,483,-54.75,-34.5,92200
1981,483,-54.25,-37.5,3000
1981,483,-54.25,-36.5,12000
1981,483,-54.25,-35.5,371330
1981,483,-53.75,-38.5,127700
1981,483,-53.75,-37.5,4000
1981,483,-53.75,-36.5,436665
1981,483,-53.75,-35.5,185335
1981,483,-53.25,-37.5,2000
1984,483,-56.25,-34.5,1
1984,483,-53.75,-37.5,2
1987,483,-54.75,-36.5,9658000
1987,483,-54.25,-37.5,25097000
1987,483,-54.25,-36.5,11837000
1987,483,-54.25,-35.5,20824200
1987,483,-53.75,-36.5,193000
1987,483,-53.75,-35.5,18545400
1988,483,-54.75,-36.5,46883000
1988,483,-54.25,-38.5,24000
1988,483,-54.25,-37.5,40841000
1988,483,-54.25,-36.5,16428000
1988,483,-53.75,-37.5,71300
1988,483,-53.75,-36.5,1766500
1988,483,-52.75,-38.5,81518000
1988,483,-52.25,-38.5,24118000
1989,483,-54.75,-35.5,197000
1989,483,-54.75,-34.5,95500
1989,483,-54.25,-36.5,570200
1989,483,-54.25,-35.5,1684900
1989,483,-53.75,-37.5,8456000
1989,483,-53.75,-36.5,85154600
1989,483,-53.75,-35.5,25310000
1989,483,-53.25,-37.5,35344000
1989,483,-53.25,-36.5,1408000
1990,483,-56.75,-35.5,3100
1990,483,-54.25,-39.5,1170040
1990,483,-54.25,-38.5,1900
1990,483,-54.25,-35.5,1748000
1990,483,-53.75,-39.5,785470
1990,483,-53.75,-38.5,4949810
1990,483,-53.75,-37.5,335680
1990,483,-53.75,-36.5,19487760
1990,483,-53.75,-35.5,65724960
1990,483,-53.25,-42.5,42400
1990,483,-53.25,-40.5,37700
1990,483,-53.25,-37.5,2261000
1990,483,-53.25,-36.5,11228000
1990,483,-52.75,-38.5,38300
1991,483,-54.75,-36.5,2270000
1991,483,-54.75,-35.5,1253880
1991,483,-54.75,-34.5,451900
1991,483,-54.25,-45.5,28000
1991,483,-54.25,-41.5,48000
1991,483,-54.25,-40.5,47000
1991,483,-54.25,-39.5,68000
1991,483,-54.25,-38.5,306000
1991,483,-54.25,-37.5,496000
1991,483,-54.25,-36.5,2974400
1991,483,-54.25,-35.5,2303920
1991,483,-53.75,-42.5,115000
1991,483,-53.75,-41.5,128000
1991,483,-53.75,-40.5,234000
1991,483,-53.75,-39.5,44000
1991,483,-53.75,-38.5,3826220
1991,483,-53.75,-37.5,15328380
1991,483,-53.75,-36.5,47040090
1991,483,-53.75,-35.5,3943780
1991,483,-53.75,-34.5,1900
1991,483,-53.25,-38.5,344100
1991,483,-53.25,-37.5,38000
1991,483,-53.25,-36.5,5610900
1991,483,-53.25,-35.5,980000
1991,483,-52.75,-38.5,16600
1992,483,-55.25,-36.5,3770
1992,483,-55.25,-35.5,71000
1992,483,-54.75,-37.5,42480
1992,483,-54.75,-36.5,216000
1992,483,-54.75,-35.5,474540
1992,483,-54.25,-39.5,329920
1992,483,-54.25,-38.5,1217560
1992,483,-54.25,-37.5,139300
1992,483,-54.25,-36.5,500
1992,483,-54.25,-35.5,5890020
1992,483,-53.75,-41.5,7480
1992,483,-53.75,-40.5,24010
1992,483,-53.75,-39.5,2327160
1992,483,-53.75,-38.5,11498030
1992,483,-53.75,-37.5,17784100
1992,483,-53.75,-36.5,24607200
1992,483,-53.75,-35.5,7219300
1992,483,-53.75,-34.5,144000
1992,483,-53.25,-42.5,29830
1992,483,-53.25,-37.5,633100
1992,483,-53.25,-36.5,155000
1992,483,-52.75,-44.5,14400
1993,483,-54.75,-35.5,52990
1993,483,-54.25,-39.5,1074920
1993,483,-54.25,-36.5,65300
1993,483,-54.25,-35.5,1044050
1993,483,-53.75,-40.5,108240
1993,483,-53.75,-39.5,2950880
1993,483,-53.75,-38.5,6383730
1993,483,-53.75,-37.5,7100
1993,483,-53.75,-36.5,2050520
1993,483,-53.75,-35.5,30500
1993,483,-53.25,-42.5,8000
1994,483,-54.25,-36.5,17900
1994,483,-54.25,-35.5,16823260
1994,483,-53.75,-38.5,10800
1994,483,-53.75,-36.5,10000
1994,483,-53.75,-35.5,3054440
1994,483,-53.25,-42.5,381350
1995,483,-54.25,-35.5,16030470
1995,483,-53.75,-43.5,29400
1995,483,-53.75,-39.5,1800
1995,483,-53.75,-38.5,277700
1995,483,-53.75,-37.5,7100
1995,483,-53.75,-36.5,13262195
1995,483,-53.75,-35.5,10833485
1995,483,-53.25,-40.5,42600
1995,483,-53.25,-35.5,335000
1996,483,-54.25,-36.5,216200
1996,483,-54.25,-35.5,5415200
1996,483,-53.75,-39.5,15200
1996,483,-53.75,-38.5,2201300
1996,483,-53.75,-37.5,3012480
1996,483,-53.75,-36.5,6391110
1996,483,-53.75,-35.5,10577420
1996,483,-53.25,-42.5,14940
1996,483,-53.25,-38.5,17800
1996,483,-53.25,-37.5,1400
1997,483,-54.75,-35.5,313900
1997,483,-54.25,-36.5,939200
1997,483,-54.25,-35.5,5609870
1997,483,-53.75,-39.5,31700
1997,483,-53.75,-38.5,73800
1997,483,-53.75,-37.5,23000
1997,483,-53.75,-36.5,13856785
1997,483,-53.75,-35.5,5858685
1998,483,-54.75,-37.5,6240
1998,483,-54.75,-36.5,55960
1998,483,-54.75,-35.5,112800
1998,483,-54.25,-36.5,237260
1998,483,-54.25,-35.5,7749234
1998,483,-54.25,-34.5,3840
1998,483,-53.75,-39.5,194800
1998,483,-53.75,-38.5,1676695
1998,483,-53.75,-37.5,2440120
1998,483,-53.75,-36.5,5719442
1998,483,-53.75,-35.5,5427727
1998,483,-53.25,-42.5,10900
1998,483,-53.25,-41.5,3300
1998,483,-53.25,-37.5,1109140
1998,483,-53.25,-36.5,1423570
1998,483,-53.25,-35.5,361846
2000,483,-54.75,-35.5,156400
2000,483,-54.25,-36.5,431400
2000,483,-54.25,-35.5,4140200
2000,483,-53.75,-39.5,429600
2000,483,-53.75,-38.5,1127500
2000,483,-53.75,-37.5,488500
2000,483,-53.75,-36.5,4068600
2000,483,-53.75,-35.5,2194100
2000,483,-53.25,-44.5,51700
2000,483,-53.25,-42.5,6258000
2001,483,-54.75,-34.5,2000
2001,483,-54.25,-36.5,46000
2001,483,-54.25,-35.5,9083157
2001,483,-53.75,-39.5,946518
2001,483,-53.75,-38.5,5227942
2001,483,-53.75,-37.5,4825174
2001,483,-53.75,-36.5,12091837
2001,483,-53.75,-35.5,3507629
2002,483,-55.25,-36.5,4000
2002,483,-55.25,-35.5,77000
2002,483,-54.75,-38.5,20000
2002,483,-54.75,-35.5,8000
2002,483,-54.25,-38.5,1100
2002,483,-54.25,-36.5,176000
2002,483,-54.25,-35.5,11836300
2002,483,-53.75,-42.5,37000
2002,483,-53.75,-39.5,2981400
2002,483,-53.75,-38.5,4829300
2002,483,-53.75,-37.5,1212000
2002,483,-53.75,-36.5,4935400
2002,483,-53.75,-35.5,10981200
2002,483,-53.25,-42.5,2774000
2002,483,-53.25,-39.5,15000
2002,483,-53.25,-35.5,24100
2003,483,-54.25,-39.5,621618
2003,483,-54.25,-35.5,9110108
2003,483,-53.75,-39.5,4446932
2003,483,-53.75,-38.5,8843086
2003,483,-53.75,-37.5,57344
2003,483,-53.75,-36.5,16707412
2003,483,-53.75,-35.5,25590982
2003,483,-53.25,-42.5,669000
2003,483,-53.25,-35.5,99900
2003,483,-52.75,-36.5,13000
2004,483,-55.75,-35.5,300
2004,483,-54.75,-37.5,34500
2004,483,-54.25,-36.5,54180
2004,483,-54.25,-35.5,61270
2004,483,-53.75,-41.5,10000
2004,483,-53.75,-40.5,1500
2004,483,-53.75,-39.5,7416332
2004,483,-53.75,-38.5,23301265
2004,483,-53.75,-37.5,2656884
2004,483,-53.75,-36.5,22287242
2004,483,-53.75,-35.5,88350
2004,483,-53.25,-41.5,55000
2004,483,-53.25,-36.5,92023
2004,483,-52.25,-46.5,12000
2004,483,-51.75,-36.5,72749
2005,483,-54.75,-35.5,108561
2005,483,-54.25,-39.5,109616
2005,483,-54.25,-36.5,519112
2005,483,-54.25,-35.5,21871487
2005,483,-54.25,-32.5,14000
2005,483,-53.75,-41.5,940
2005,483,-53.75,-39.5,7000
2005,483,-53.75,-38.5,165130
2005,483,-53.75,-37.5,25580
2005,483,-53.75,-36.5,15997674
2005,483,-53.75,-35.5,9634135
2005,483,-53.25,-35.5,7000
2006,483,-54.25,-35.5,2076970
2006,483,-53.75,-39.5,1470300
2006,483,-53.75,-38.5,6635590
2006,483,-53.75,-37.5,129580
2006,483,-53.75,-36.5,1103000
2006,483,-53.75,-35.5,3485380
2007,483,-54.25,-36.5,14278
2007,483,-54.25,-35.5,6231516
2007,483,-53.75,-39.5,1840
2007,483,-53.75,-38.5,2267188
2007,483,-53.75,-37.5,993750
2007,483,-53.75,-36.5,1042379
2007,483,-53.75,-35.5,10179340
2007,483,-53.25,-35.5,6200
2008,483,-54.25,-39.5,13085085
2008,483,-54.25,-35.5,4859222
2008,483,-53.75,-39.5,11478461
2008,483,-53.75,-38.5,10706485
2008,483,-53.75,-37.5,7000
2008,483,-53.75,-36.5,6749807
2008,483,-53.75,-35.5,10743180
2009,483,-53.75,-36.5,50
2010,483,-54.75,-35.5,1676000
2010,483,-54.25,-35.5,7158000
2011,483,-54.75,-35.5,395250
2011,483,-54.25,-36.5,498000
2011,483,-54.25,-35.5,32128171.3
2011,483,-53.75,-39.5,734137
2011,483,-53.75,-38.5,1016442
2011,483,-53.75,-37.5,920000
2011,483,-53.75,-36.5,11339900
2011,483,-53.75,-35.5,8768990.9
2012,483,-54.75,-35.5,1547096
2012,483,-54.25,-36.5,635668
2012,483,-54.25,-35.5,16618805
2012,483,-53.75,-38.5,1307472
2012,483,-53.75,-37.5,5121253
2012,483,-53.75,-36.5,21876110
2012,483,-53.75,-35.5,9308232
2013,483,-54.75,-35.5,43990
2013,483,-54.75,-34.5,895602.98
2013,483,-54.25,-36.5,143625.4
2013,483,-54.25,-35.5,10644797.15
2013,483,-53.75,-38.5,3200599.2
2013,483,-53.75,-37.5,238305
2013,483,-53.75,-36.5,4358456.083
2013,483,-53.75,-35.5,12695920.65
2014,483,-54.75,-35.5,4014799.188
2014,483,-54.25,-35.5,51393136.82
2014,483,-53.75,-36.5,3946847.723
2014,483,-53.75,-35.5,15897419.31
1983,484,-58.75,-26.5,10152
1986,484,-60.25,-29.5,1000
1992,484,-55.75,-26.5,50000
